Date,ABC,DRK,AIE,MJK,MK,A,BRK,RJM,JJM,M,QQ,RJI,ZRK,KR,RR,BPQ,RMM,OMR,ROK
2020-01-03,16.05500095,2.92621083,151.9173941,2.870505907,17.10269315,6.092285185,24.41746788,87.77674187,6.52550767,13.57150808,19.50881639,12.88070986,69.04018284,6.834134377,16.8670988,13.48229729,27.18649276,8.319225867,5.460478234
2020-01-04,14.86406664,17.15145343,164.7574536,7.618864707,9.498498861,8.476424932,19.74944941,56.69802153,5.345565989,11.79787475,3.878301077,8.011427848,43.76887924,4.861697966,12.89871457,3.992085128,15.36821727,70.5763814,7.289370389
2020-01-05,15.99287695,29.78216678,17.92397311,4.349377754,7.189796034,1.085752889,0.8926186493,133.2802678,3.042498298,8.437079757,6.926625068,6.73223934,49.88225596,2.5435837,0.2590179282,7.276159968,14.84309171,180.4539496,4.831676973
2020-01-06,16.79883484,8.952029146,163.2631866,5.761898264,0.06263506088,4.467826253,11.20976988,106.3647109,0.9037805939,9.426692646,15.41500003,14.16390447,189.5268418,5.676877194,3.512920623,17.21406677,27.18723454,143.1099285,2.336868866
2020-01-07,11.68008191,25.61731153,114.2073562,7.683034715,7.337628171,9.53501154,3.5891095,131.6967562,6.559179606,7.252007597,18.95667665,10.02941976,182.6744941,7.253033622,2.774486819,16.35211207,0.149069439,78.68278212,3.342791547
2020-01-08,2.468596566,15.67199669,134.8135189,5.244228375,10.48145812,17.83525297,4.774246806,24.7783635,5.963215414,8.839491854,8.607258554,31.99771857,154.313427,7.868299619,18.39226574,9.222558061,28.99338057,66.72649043,1.130284461
2020-01-09,13.48042704,13.76656726,15.35120304,0.2910125576,19.06996703,7.262666538,4.159582102,117.3808967,3.036329046,4.983761375,6.409993407,2.438844407,39.61444286,4.832035218,12.92505211,0.2177579595,12.92459871,126.9800785,6.821556516
2020-01-10,4.618174053,0.1995819056,23.65995028,3.611970833,0.3387035039,12.22460902,27.66780081,66.34575651,0.5363418439,2.412670383,0.6033938638,21.42630664,11.99926732,4.339765091,12.91967435,18.59112506,4.739375817,27.34851873,1.000474519
2020-01-11,7.369909539,4.157933103,75.63556918,1.459136743,12.05387908,4.832511882,16.25688176,111.248937,3.83731959,9.505879,15.36393037,4.942923452,141.503621,0.6718427738,15.27082237,15.32547849,14.0267198,92.96216523,6.255640025
2020-01-12,5.555131147,8.840519748,185.1079712,2.535211616,8.169388027,19.73496461,29.89934715,96.66828417,2.774653183,10.40301725,6.576037185,15.85741788,60.72941228,6.650659335,12.33849678,17.68117009,29.62931135,75.19826176,7.537387848
2020-01-13,13.38314235,22.95070068,19.07372816,4.027027754,5.58727335,1.924555245,5.208634124,44.41123359,4.849613018,9.835362042,15.17073851,7.409196815,44.0201196,7.361400757,13.2903666,6.517806085,13.99779395,164.0905833,4.19796479
2020-01-14,17.02667848,19.99771632,106.5133053,1.647535251,12.97630537,17.10616257,22.27400387,161.9301007,4.509198551,15.73312131,0.3798332431,17.18993053,145.3203254,3.425842556,6.424291493,15.78540988,8.976179469,55.31675503,3.932229222
2020-01-15,11.88298001,15.28037208,31.69368438,0.1171933728,14.02210643,2.085122542,0.02449074585,4.38692504,3.60608352,0.1148782605,13.2544947,12.76304423,167.8324457,0.5875903168,18.24179817,6.849500493,0.9474406685,87.82384233,4.833737576
2020-01-16,18.08204457,29.89751734,154.6001037,1.056752328,9.490973803,7.746796368,16.75721147,51.03909613,6.993980265,17.2255785,13.12699921,15.56508278,139.0528657,5.129954112,18.95481127,6.375914067,25.89188289,172.7953153,1.417927821
2020-01-17,14.15497127,16.06800171,170.680284,4.947229565,7.782792244,10.57998519,23.68275307,15.75873385,6.482776628,9.719539765,8.776569217,11.60320756,135.7169381,2.368852367,13.5358488,8.750387563,12.47193816,54.47567424,7.312122497
2020-01-18,15.51815415,28.51300206,35.67617878,5.430244163,6.198713179,17.03711781,30.12944769,10.45201835,1.531555312,7.403869351,3.812802755,24.95990164,15.8875258,6.601220588,11.7406014,15.24420174,31.73168013,180.3477866,7.986487304
2020-01-19,9.611428088,27.23462724,51.99754284,7.386316307,5.120291238,14.70693796,25.54257114,43.77491674,0.8024230428,9.838803666,19.376949,3.273529471,64.69912325,6.587788561,2.91197143,12.12373554,31.68373116,32.93507226,4.892068277
2020-01-20,2.987224123,24.91978898,134.984233,2.724633235,13.05653261,15.85797964,14.46408585,75.79681102,5.426329504,7.910838184,12.72709062,9.508600058,79.12643525,1.560926458,8.393713899,17.6033362,25.47491771,179.6062946,0.7835111544
2020-01-21,19.03414268,14.70649125,172.1241548,1.725816456,19.70153389,7.146277939,26.33646166,107.5747376,7.563931952,12.50301417,9.761197144,1.709101789,125.7236876,7.825962794,6.406202867,9.367089527,19.62013092,90.8762568,1.466226104
2020-01-22,13.51685213,26.52018368,94.21435875,1.660523546,10.11238723,13.12768919,24.34193944,117.627241,5.197386228,8.46016338,12.16371481,27.06966516,7.34721643,1.055221377,19.15348755,9.142787432,2.739634811,55.43542464,3.014300208
2020-01-23,13.05963666,6.585161014,126.3778993,4.576686521,12.46581491,12.66889827,31.04662448,26.7876582,2.554974008,3.842054207,15.73260209,14.59194137,108.9139777,6.793222845,4.181758695,6.444424119,1.455646842,0.6432139785,3.742018607
2020-01-24,9.669566815,27.91826448,56.36997662,3.821649065,13.12333146,7.293160242,8.165363363,64.22818263,6.134582196,14.67659346,17.56283715,21.55354916,187.9194982,2.95368754,13.25687143,10.16817255,21.68149764,133.5748484,4.412756981
2020-01-25,14.72333707,29.56966658,81.17237477,1.703903937,15.71662239,4.145579804,13.08879858,2.991376165,4.170480569,17.3687753,11.1357405,7.761593461,59.93022088,3.629729633,19.15460698,4.455917064,13.58806509,142.0161019,3.782532085
2020-01-26,17.90041747,23.25307551,53.35926269,5.041736558,0.4440303419,10.1770027,0.2337489645,75.02887269,5.419366864,12.77906339,6.804881504,0.9195603883,171.8432363,1.106907525,1.274687631,5.83925623,2.898730209,44.35893797,2.269176825
2020-01-27,2.473745032,20.4366502,75.01245497,7.155502831,16.9285393,11.10826576,23.15035315,92.04353881,7.11220075,1.698117977,12.78821562,30.21094321,32.47132715,0.8618455833,5.318639481,12.50793995,5.835451396,40.31376762,3.124827264
2020-01-28,14.34632023,22.53058773,116.885113,7.164538033,13.02915468,16.22280561,21.67203624,165.9473139,5.85065915,2.336641633,5.470230801,0.07195253065,174.6523264,7.810957837,6.710296856,17.59793937,14.43552125,76.81911888,2.00620731
2020-01-29,9.726559223,26.89049685,107.0381963,7.811425221,18.94144968,2.342940766,27.78627385,175.1336557,2.41622541,10.20739191,15.4763164,6.638264493,43.15845694,5.008389126,1.028037468,3.381725975,8.201162845,33.8903396,5.0573114
2020-01-30,2.225280022,15.46886348,174.8114153,0.3306326155,0.9142903376,3.838742653,19.64580906,114.3262218,6.786459472,15.73760686,4.473780486,5.165619299,124.7145539,7.473119019,7.586666552,10.54782773,17.32810384,65.22078884,0.02909993313
2020-01-31,3.771349125,2.669771481,125.7913779,0.4105255735,12.73277496,0.8199810009,13.99889728,40.41878527,0.4543841906,16.01483912,7.059776282,30.20440692,136.8350911,3.331849863,12.43505818,15.27294159,2.96772901,144.5524221,0.9837864816
2020-02-01,13.60059196,14.61607831,54.94987196,7.041552224,2.998296025,1.984444228,6.831802572,136.8506907,3.678996341,8.951372416,5.004066187,27.60240721,14.81297955,6.827961991,16.78256389,14.14043921,1.65145136,120.4670132,2.127193649
2020-02-02,11.6267607,18.22020675,167.299149,6.533046105,5.384951179,15.8047902,1.545933632,82.56608905,5.564493416,16.04065735,5.190241924,3.140200828,151.0379477,0.9552524896,19.9542729,10.9018034,19.79957121,57.63953363,5.637517875
2020-02-03,6.27545637,17.54906044,92.27232092,2.135364612,18.77142277,19.08472451,13.62254879,189.1544054,0.3654135989,2.963455653,9.006070612,3.291211743,122.1719242,0.09913932302,10.00686509,15.30967801,4.981736669,117.6362969,6.513653805
2020-02-04,5.158963161,4.799340343,82.61623471,4.616006225,16.71929922,2.789942598,9.167697867,88.06103453,4.041360675,2.992837486,0.554501959,29.9450345,195.731627,5.839811452,14.11130521,8.187748817,1.100069695,119.7318364,6.116946409
2020-02-05,19.26540073,11.84192602,44.41668727,3.610848864,0.6811848662,8.430878551,26.30962183,190.2961115,5.272621655,10.19480376,4.845831596,22.08982852,37.22582299,0.8975066683,16.44749966,6.382930611,5.371426101,3.406469784,7.480175714
2020-02-06,0.2640573347,14.34477519,122.0858309,0.9305435878,16.8059337,19.93823715,18.32990564,157.7586676,0.9980759169,17.50284206,16.3015403,13.39419592,185.4271424,6.636610386,11.45486906,11.49475509,31.61175582,79.80892211,1.55332288
2020-02-07,15.32527438,23.74160831,18.90273782,2.467662376,2.402763594,6.027805653,5.292814921,147.8655218,7.474259334,12.48553223,14.0218396,23.77539714,177.9288762,3.523427031,6.661653171,17.82853591,7.621515809,177.8220287,4.807935545
2020-02-08,3.938098362,19.09834304,47.59009257,0.9986136615,17.57687811,1.449769076,15.97399306,17.24093634,4.093227563,6.37399517,4.734047293,5.211403486,31.96621828,6.257601204,7.322433659,19.67149228,16.20070565,167.1890423,2.322378664
2020-02-09,7.497656137,29.13075421,142.9648472,2.270204366,3.120876682,15.88278801,5.483785974,128.4789854,0.04506869681,14.97408181,11.0187752,23.93431765,194.1509513,2.20808376,10.98731792,17.25748689,16.61016329,27.73268675,2.085876155
2020-02-10,3.325157715,20.61333053,175.1592584,1.991915533,5.398176488,8.52865038,5.184031825,56.85210124,1.697112146,12.48684928,6.709735532,2.3450708,143.3694096,2.60256285,12.04667813,15.66038782,10.45870038,84.11260589,1.084983123
2020-02-11,8.15104204,27.92985671,136.9756726,4.251070409,1.211386938,12.46630641,17.29354043,171.5448681,0.7136828417,7.517907893,3.246609014,26.8531037,99.95771974,5.568160854,8.891349449,11.10158213,17.98002439,97.58759706,3.88773036
2020-02-12,7.989098074,19.66267284,18.06439272,5.433775325,18.96602078,0.7271467832,4.149186971,37.9507264,6.496543545,1.256444512,8.712651892,19.09363763,102.412349,5.049580304,8.504048472,14.69461274,29.22070345,144.1548282,3.968375104
2020-02-13,6.477491935,24.62090079,143.0847536,1.07885985,16.04668326,9.901417851,5.194798024,128.4871389,7.114168747,7.200733045,18.52331273,19.359873,158.9640594,7.418153431,2.901704069,9.997846815,21.37934089,139.8071221,4.670352742
2020-02-14,2.280409453,26.49387247,123.8776216,7.585293212,15.48879219,11.12500193,9.354462751,95.44779047,5.946349769,15.01960962,10.36418965,21.13791538,102.5806154,4.262443424,0.507769476,4.842813262,4.861943332,195.893016,0.6378235553
2020-02-15,15.3462372,9.595430513,104.3126781,7.932462229,16.08986077,17.68791675,5.614097657,81.55866654,5.049982633,2.911012781,14.23064169,21.6435061,122.4865508,0.7176578979,1.214706033,10.01448322,22.97536563,13.74329857,5.973247731
2020-02-16,11.28513918,20.12263133,156.2659792,7.185666907,15.94597095,13.23538254,20.10157634,88.97895317,3.873868124,6.147037405,0.3297598961,13.63811117,92.70578054,4.159406166,18.14259046,19.13633361,8.339588327,4.921614927,4.991266876
2020-02-17,5.625410401,3.572046994,162.6818148,5.632620635,10.47723957,9.710337162,22.11562345,71.7731958,1.556582353,17.85124144,4.025457814,29.89495553,49.28665067,3.835073199,10.27287894,12.28885676,15.89437594,30.72587192,7.092955628
2020-02-18,9.905637985,16.70299296,151.1859194,1.053549164,1.358129273,14.32950351,3.277333759,20.34305237,0.8135314022,1.263073714,11.15953136,19.22131249,178.222865,2.469321627,3.371879786,5.398520834,26.90994035,131.2860103,2.24442258
2020-02-19,18.8893082,12.92321265,159.1624657,0.03936614963,13.84253283,9.121820865,2.270524616,169.5323059,2.001122893,5.979999476,17.18713428,10.20421137,171.0484639,4.86703974,15.56327415,7.182654956,16.87157569,163.6938502,1.321524442
2020-02-20,19.527106,22.73848547,124.7354411,3.13689268,11.4792366,16.09032815,16.2801845,191.7610396,0.5497922216,10.39178773,9.53741425,31.70288729,9.308163034,1.493585229,8.701517667,14.30373625,28.3145137,22.95180481,0.1438609496
2020-02-21,14.56172689,31.43005512,168.7753083,7.8636462,7.572337628,19.58352099,21.54311192,138.7913188,3.18473739,2.567805285,3.125508612,20.03814043,195.5067192,6.222452161,7.016212931,5.40036175,27.4977939,53.62780813,3.89593668
2020-02-22,5.80174982,20.78754307,82.64482068,2.993298161,6.090271631,9.630068898,4.217879205,61.07768987,1.51096829,7.24419762,14.5959947,14.03383863,76.22699195,0.1908764418,15.87882019,12.67570744,8.518507161,172.6725226,5.208408791
2020-02-23,10.18271706,11.27793925,121.0009934,6.9709382,0.8023324406,12.3535795,20.75003305,70.04126493,2.985208999,1.970879564,13.50190765,2.850122633,129.8396483,4.193829985,19.55311551,18.309153,17.30942356,110.9962986,1.200414155
2020-02-24,0.6033109575,28.64865071,195.065858,1.836718811,9.026223879,6.862365208,0.4316906551,23.62542405,1.091927862,19.76933282,16.21852001,4.026799782,161.4878671,2.576727236,18.99556186,15.57912385,8.834344934,63.57376846,6.88780515
2020-02-25,12.23982748,12.04613068,52.96291643,7.056679267,10.50489002,8.880306631,8.44164881,142.3029586,3.440656637,13.0384106,9.503730884,0.4633517506,65.45048638,3.305023702,2.840482776,19.5232079,21.36460441,97.65577647,1.066285636
2020-02-26,13.37583821,26.56740174,80.14799559,2.019808621,4.038975721,16.37119894,8.116611778,167.8530776,6.072671757,16.49934393,1.361775565,8.167404304,157.6838409,1.126750929,6.346531374,13.7906777,26.00232321,0.3178057566,3.349582134
2020-02-27,6.926381171,17.56314899,69.30264489,4.505741754,9.657574557,5.818065963,4.697499614,82.42937102,7.648523065,15.85084208,18.17423894,27.85710403,180.8382194,1.725483007,3.893342452,7.192844699,30.16366325,11.41801311,4.169898058
2020-02-28,15.06632221,25.07029028,70.43870803,6.329524441,8.355834643,10.06566701,27.82370162,99.12554989,4.800635882,15.55196951,9.102841337,9.046379692,149.3984096,2.211260315,3.301028577,2.619374307,6.561272154,14.60801319,2.643505492
2020-02-29,5.766796151,4.826686729,71.26678746,1.943772589,6.83141935,10.64603872,30.60133791,143.3640975,2.133971259,5.258638858,3.884334007,12.40041901,15.53592585,7.235438866,7.011402444,4.825781211,23.58637289,119.5168397,4.858180981
2020-03-01,10.67332577,10.37979744,11.35980812,5.327147495,19.04466371,1.290895134,0.9814319193,73.83044803,4.84973113,14.27555974,14.98278702,17.93224008,36.83264613,7.765306597,10.54376638,2.081661508,13.15574641,7.169769958,7.005391164
2020-03-02,9.208207161,24.2544828,35.65236397,1.454798073,9.148815282,4.161551088,5.846856383,53.05207402,7.498072141,15.40992553,17.03050589,28.45180483,153.08101,2.746153504,6.238005249,12.25882176,9.214032243,95.53844325,5.929258768
2020-03-03,4.18244551,22.28339809,114.2116078,2.107956108,4.686158326,18.35649872,0.7888494353,38.96818776,1.96658343,11.73336894,18.87338932,16.52603216,116.8176947,2.9821876,0.5408849655,8.863019381,19.32382244,88.71137843,3.181529222
2020-03-04,4.381989006,23.37150951,23.67255412,2.059888355,16.42149378,14.81051454,26.80427207,83.26417722,0.634226231,4.51590195,8.278542818,30.10794726,167.0592456,2.232698953,3.156581862,7.925298477,4.761917392,13.47043792,7.032257974
2020-03-05,8.251442093,7.596851762,20.03824727,7.610698562,11.96387506,15.75824047,21.94578064,120.0102204,1.146933829,10.26320951,5.548487556,10.27957101,161.9322321,2.7555087,3.130666152,17.48992877,12.32242538,89.6081137,1.389107018
2020-03-06,12.08893555,3.180569796,66.63892393,0.5836861047,18.81531257,18.81480727,21.73156772,52.87513139,6.421412126,5.83701792,3.009358292,24.77026355,58.19087457,6.506330096,7.869876524,10.09627594,15.64855852,8.196151237,4.871476754
2020-03-07,17.34767855,13.26065895,147.3203314,4.668079717,6.132681889,3.256833699,20.22547014,165.6188522,1.910536016,1.391592673,16.85662542,16.59816718,88.24416532,2.205271233,17.80915932,5.307826126,31.70638386,86.422419,7.759744915
2020-03-08,6.896167417,13.93911226,80.11777171,6.612054197,18.46356845,0.004611231015,22.92369301,72.6948737,7.760397765,5.550093991,5.36212488,28.63675241,3.335730217,0.2972550685,2.369613475,15.5188499,20.75379827,99.2061773,5.125707539
2020-03-09,19.96013217,20.41927337,127.2906341,1.427005258,4.373356998,18.42833207,29.89420741,49.83959359,4.893939171,4.041494844,3.260722545,29.06929912,173.8088154,6.60248966,15.59776622,5.26260896,21.21445766,141.5063447,6.100348798
2020-03-10,5.728052336,28.40599494,105.7898093,5.372786102,0.3651968964,0.7448798498,3.239616315,27.74193685,7.684323794,2.983923107,16.14914247,30.24916468,194.692315,6.769267717,5.561716816,6.977349467,8.448976116,28.09046541,0.119018462
2020-03-11,6.77724356,3.836651026,166.5153665,4.026636357,1.179707333,17.73910317,16.9718387,92.98550657,5.76510039,6.300572952,10.86570617,9.341195193,189.9286759,6.424844066,3.299963861,7.603666186,21.06161689,52.83642221,1.180756446
2020-03-12,0.6008341715,6.859381254,59.88174632,3.935076365,16.39671921,17.8787621,3.912105056,6.184539754,6.993355106,6.83290774,4.112239721,21.36333933,49.23674833,0.3531182885,18.76549397,10.84496337,22.80104953,124.4556635,5.375031339
2020-03-13,17.04726491,20.48039092,17.4425703,3.323702473,10.48676318,4.488266089,2.337968126,18.39098525,3.564628917,6.500395402,9.165815959,22.70123924,101.131905,2.578146282,14.37225906,0.3911531564,8.523075799,182.289028,6.5289275
2020-03-14,4.742047959,21.85209078,102.3785856,3.380070149,3.512974674,18.65395955,0.6096828606,159.7555461,5.754728356,1.457021643,19.11535993,22.69485421,178.8486042,7.548470262,13.79262755,6.693756884,29.73931138,92.6048849,2.198000014
2020-03-15,5.364085029,19.3411865,43.4610941,5.193324633,6.503965757,17.40242607,1.252219112,74.65195214,0.653447229,3.922744211,1.816749416,26.55457813,153.0537679,2.825267126,16.38222642,16.46251766,11.7533589,73.53385611,0.2645067553
2020-03-16,16.23944854,19.79488381,40.27395691,2.177116927,11.82478346,15.54523457,9.665628932,115.3420573,0.7698129276,0.2713685004,10.9730267,24.05417265,29.23488722,4.362632732,5.409152333,4.447249932,11.7098169,115.3157192,7.671090846
2020-03-17,12.43079011,7.325942386,104.5833638,0.08011171992,6.37269676,2.999909631,31.00452119,67.39909183,1.628569325,16.45962538,5.918415628,31.15971707,34.47762927,4.370942467,18.87361447,17.09391671,29.6441176,21.73698743,6.588286908
2020-03-18,16.00584309,28.57254284,183.2557833,3.9161545,7.272526541,6.069572843,13.99645361,58.10426762,4.809045459,14.47683476,14.18794735,28.05649058,3.698886969,4.960777766,12.20414461,2.286247486,29.20993018,173.4271583,6.640517405
2020-03-19,13.46499803,2.652849402,91.48348151,7.973837937,5.967682159,8.240198399,1.674213386,40.95263876,0.3653565782,2.810052552,8.663912039,8.921359713,114.6548395,5.92785346,7.112000804,9.219457107,29.21890098,36.83133438,6.301236292
2020-03-20,17.08922833,0.5334596217,8.213602132,0.1787613434,17.5514684,15.37943273,9.783172436,138.711586,1.499129641,1.879405543,0.8388697497,9.502738998,3.389696271,1.90488007,19.18334876,8.387473929,20.37483534,62.14309472,6.433905665
2020-03-21,10.28127895,22.3663125,136.9839175,0.1568897016,14.4886363,11.05223594,29.38603695,92.63975497,7.638834425,4.537210267,8.788890869,3.5525773,22.9965905,5.381896856,7.288949559,11.42085873,7.122759086,5.113419168,3.660133898
2020-03-22,18.50272424,26.88205906,20.92483583,3.436646159,17.71329118,2.821079764,3.264218556,96.29242903,4.035006838,15.12157863,8.585218381,7.710947004,140.6689693,3.439938296,19.76273339,0.3552598212,22.7606185,87.79885709,5.687756428
2020-03-23,12.11133903,2.660035851,132.2599477,0.612205522,13.96163334,7.143448563,5.53814963,89.75099843,2.826239706,11.21008956,4.999828741,16.27986161,168.0105207,5.70290098,13.90001125,15.0855301,20.22074223,39.61952228,3.870292518
2020-03-24,0.5342670945,8.77595831,74.73808839,6.579509788,5.831991353,6.903738823,2.270202983,169.0475483,3.577123198,15.07456109,14.03880754,11.06262708,152.7766596,1.403993615,10.68177831,2.606160747,21.41593182,102.5135407,2.552458953
2020-03-25,16.23406079,31.42913854,176.4660298,6.96093164,2.346037869,7.518015165,25.27329134,74.07910967,0.6307490962,16.02732821,16.36435244,5.256918844,158.0112906,6.70655493,7.701807391,10.702898,24.70326434,91.75425965,6.827162783
2020-03-26,10.09767032,11.81757915,96.90472113,4.502123729,0.08185212465,0.3232620749,3.199213863,30.12090763,6.852751071,13.12158273,2.83332581,27.84832329,179.5750016,0.6258435422,10.55240718,9.629413422,6.537486236,88.23497169,0.8992970141
2020-03-27,13.75453956,27.14804917,159.0030078,3.663792315,0.5170263514,16.30390054,31.50050743,99.10361653,4.60010315,14.31864007,18.34375175,26.25746626,169.11229,5.734284163,16.35286091,8.215435218,23.4392024,132.9976246,5.980603075
2020-03-28,17.71774705,15.16424145,147.6736778,3.005942696,0.7688811255,2.840688736,2.26819323,140.5770051,2.053885954,6.245227986,14.27509875,6.681131285,126.6823994,1.638974288,19.60770998,13.55464746,0.2449752402,155.1210731,5.542590931
2020-03-29,15.60095189,29.57147176,188.4346855,0.7895412364,6.797714846,10.16669604,12.08255729,51.91678737,0.8264260838,11.12909583,1.50664679,16.81510132,147.1257722,5.72554721,3.94629871,6.087988639,23.1507312,98.58642461,4.416088944
2020-03-30,14.25347685,26.6927864,193.9914451,3.351407014,16.96068689,15.88855313,16.86236584,66.89459779,2.933838297,17.79721582,11.59713859,28.32819985,153.0343418,2.064932735,6.453191559,10.33174425,8.569760437,150.3119469,5.856848102
2020-03-31,17.14494763,16.16205731,75.69690918,5.12312774,1.718297982,4.575219403,15.91461948,102.0630131,3.36273638,3.139455692,2.690516698,21.05067022,179.4563747,5.331868554,0.4821138643,1.169966675,7.338494692,91.60962038,1.808935416
2020-04-01,10.94304031,21.57581936,101.6466572,3.766117192,3.486572321,10.660546,18.92202724,139.3243312,5.745394198,2.097082571,8.113469743,19.31911518,173.4594575,5.361912103,17.4280527,8.523260812,12.40995711,69.62584206,3.833866458
2020-04-02,10.87735333,21.34191822,95.66789399,5.325696209,19.98935968,7.717339981,16.56436384,13.09223853,3.710282755,14.32499541,6.118967053,4.755829009,140.438148,2.859158862,19.17183258,3.800508136,4.293088942,187.1078048,4.568523747
2020-04-03,14.7286182,20.78789661,154.3507137,3.07908181,14.78035642,8.965252172,25.33538215,11.2170363,2.405637182,6.033762853,7.97045477,6.157984209,110.2434103,2.427568439,9.168216804,7.62189037,16.24376017,173.6303191,1.283454588
2020-04-04,10.30577356,28.92696078,93.70447311,3.213547634,6.937223414,17.62043331,11.45314007,104.6919284,6.726713462,2.306605556,6.31922663,21.66684228,17.78352524,3.494822712,5.526257601,16.68521191,8.020138192,47.03243401,4.382376852
2020-04-05,9.450531019,7.492733295,197.308933,1.795071706,5.301475224,12.06163882,1.528944214,58.83098686,5.46151838,10.02565762,9.14211302,28.92413138,55.25422121,1.796831838,17.17724585,4.266081663,17.59413165,87.34210182,6.604119214
2020-04-06,5.641274282,24.21443946,185.0913181,6.314044881,9.442856635,13.12249922,7.264235931,103.0186257,7.361034738,5.039692277,8.135990672,17.54637292,147.2043545,6.424139788,15.59194994,7.030094541,23.01283032,188.1833821,3.002528794
2020-04-07,18.19032367,17.4979773,112.4444434,4.103560823,8.520954397,11.74984255,8.644360695,186.3649993,2.886346011,14.36245777,10.68051534,17.52598385,92.77748888,6.2685134,8.144225108,1.005702733,20.88262399,125.3160411,4.782038212
2020-04-08,4.802228139,17.43648728,187.5690949,7.378441602,4.271997132,4.31807867,16.89802725,137.9324895,1.995112655,5.494272946,0.1613490864,11.47435808,104.5253238,5.38671921,5.556307627,17.86751802,18.55882364,150.7618257,5.37178509
2020-04-09,12.02901931,27.03355563,183.0970478,0.6666218338,17.56121732,5.810087714,30.14379639,181.610976,1.655856488,16.37528804,9.31103545,5.405027108,193.8920042,6.486689624,5.324924099,15.573544,3.179397389,156.2903408,0.838185616
2020-04-10,9.616617779,12.44674848,11.64782218,4.555088889,13.03982474,5.955967336,29.8867898,196.2539667,6.495977664,8.917000807,15.89074691,23.9132279,76.80937364,4.663801976,6.254049568,13.50058259,31.19922353,143.5818685,7.323008507
2020-04-11,13.44586456,6.544285712,52.61417543,3.057270446,18.83316346,18.04731472,16.17634905,122.6189116,2.003726036,6.267670788,8.993794296,10.10305797,21.51287124,6.426939532,1.887334312,12.09204112,22.7315746,88.43222391,4.029937295
2020-04-12,5.619192439,10.85505748,151.0946171,4.896715221,17.31324106,9.419121641,28.26502493,112.2938958,2.366171654,5.183420943,7.203674984,16.43904411,112.5983285,1.491123253,14.83662436,6.015277077,15.09709629,126.2868792,2.733267878
2020-04-13,19.62760468,4.018627558,163.0390518,3.306945576,7.158809265,14.22884777,2.846703358,43.44031717,6.18561953,12.93293772,16.23287973,17.33755146,11.02343723,1.401363922,2.515822502,8.369895137,9.814345957,11.52062751,6.295153402
2020-04-14,19.22385455,11.14747294,17.00486223,6.612810736,9.849598585,0.2343556167,24.49579352,47.51457285,3.003679986,3.13480201,13.62469163,1.799764795,52.15986628,1.905258951,13.90507857,3.789237798,24.95299688,96.4979087,3.184402454
2020-04-15,1.639589291,2.134364746,50.71462854,7.425868624,17.07879046,17.55417665,31.43553653,115.0575158,6.808433282,9.766028192,2.317094411,12.10797219,128.9669747,7.982721189,18.00791598,5.439803266,12.67979761,29.43104234,3.648931732
2020-04-16,3.949071316,4.907227792,52.79368639,4.177886285,19.97216322,1.841263871,15.71089606,91.39247352,6.806408838,18.57425306,0.4524027,17.95611659,86.82022944,5.874184111,13.58827298,11.22561251,1.756474139,32.43940693,6.255066794
2020-04-17,2.715968485,14.21988908,133.0689704,7.615769792,13.93448588,0.3642562473,19.91039031,33.08680493,2.002618272,19.36870275,8.37088129,3.41168041,10.20681602,5.414794884,8.759925389,12.71332315,29.95866084,117.7469088,4.826267509
2020-04-18,19.36698216,21.86752046,173.2254468,4.638827468,19.79664591,9.334480405,27.264062,0.8811395731,7.811521957,10.13474868,12.39574879,4.260682545,176.6201079,2.430481398,13.14154694,2.361002119,8.616736018,85.3748881,0.3044621058
2020-04-19,14.28277342,28.23789664,137.5111133,2.208710994,11.93519919,17.91461423,21.51700378,83.20822088,5.000653382,16.10401744,0.5699920956,26.41282849,65.29739876,0.2560680198,12.03547796,11.47650133,19.08121851,69.28314076,4.103045203
2020-04-20,5.054731497,3.460772119,66.55297714,4.175047168,11.59438162,4.256749423,7.952886573,116.1984617,1.255048162,3.327949696,15.91035373,9.718029757,61.60500346,2.988553762,10.35305039,3.776079453,0.2038758817,191.6498622,6.137529449
2020-04-21,16.59801607,16.72793456,76.00387261,3.521278966,0.260036018,11.47157206,0.1357673135,194.344016,4.479203573,8.573060618,10.05914902,12.91267008,1.921249451,5.204738573,14.29539776,13.75234153,23.90679276,176.2149224,0.9934385312
2020-04-22,15.50645022,31.56232356,72.66120661,3.47395531,9.088198135,1.875588153,22.26830461,160.2430799,2.754829332,1.975612633,13.00236569,5.624307949,187.3708856,7.030646914,15.02049512,17.05201,2.485490994,86.16393326,5.773199412
2020-04-23,15.37787652,26.42654757,168.6246025,6.568094096,6.227569793,3.951051967,2.20721054,113.5772672,3.146549447,18.09642369,7.361714201,10.74617313,68.89621122,6.657876652,6.626483008,16.5829997,23.06774796,132.1799142,5.859235542
2020-04-24,10.11073618,15.54069891,148.8714877,0.4867396932,11.94619936,2.774340935,2.211171225,96.41398631,4.01790781,5.590681553,17.82014553,4.589935156,192.7268771,6.210774834,8.582080774,3.978519172,20.49346456,36.93665683,6.554167435
2020-04-25,13.21586462,12.15015344,61.78385692,3.065184261,4.057446868,14.94926379,26.65556127,30.24141773,2.705835568,2.954221142,15.19499555,15.80906921,194.5757339,1.32391534,19.86635682,13.24280006,6.32509745,121.359112,6.196122901
2020-04-26,0.2435224553,10.30289366,15.20895354,6.695888563,14.12364771,11.51745808,26.60529595,17.97216812,5.684662385,12.22617318,1.779897169,11.28506011,198.5786766,7.346082377,18.17133955,3.381156601,29.33332742,107.7248851,2.296413845
2020-04-27,0.1683417724,31.0073037,1.628872903,0.8801174057,4.547470433,2.39613181,9.151656562,33.46672009,0.06885136326,6.178709195,10.83755838,16.83266596,23.96103115,6.268480824,1.24505761,3.42729242,23.77978923,53.71165522,1.678889151
2020-04-28,19.53934508,26.04276227,48.28592221,2.601596884,14.89841613,5.535651777,28.96627692,138.7271622,2.154213951,8.397431283,16.10189823,6.995657387,23.82567357,7.812084621,8.373657496,4.784247755,3.58528085,0.4011066548,3.712113617
2020-04-29,0.1881904519,8.135065599,124.7706957,0.934699403,14.33572292,5.215087721,20.53704801,161.060219,4.479760017,12.74721775,12.21256311,24.30219773,65.39977276,5.636645082,9.552087554,0.655676574,3.867855522,175.1867716,0.5221482741
2020-04-30,5.692313399,11.64486746,192.7048346,5.539505583,4.283056455,19.58246933,8.886978065,1.511686309,1.371632585,13.89556968,16.23893181,21.51961996,27.02056101,5.976903941,17.18678451,17.58803365,30.1728199,173.3953754,7.958515076
2020-05-01,16.18958807,12.46003161,65.47413049,3.795318452,0.9857280694,11.25392706,0.0613887503,150.6180689,5.353726037,11.67224399,16.76700316,0.08941981995,27.6198544,5.842802612,17.72857322,4.493490992,15.97007251,157.1824894,0.290853844
2020-05-02,15.84604989,8.446272298,65.6049318,7.372426122,0.7460163141,5.940554616,19.1047087,3.757491186,6.355123634,11.07269284,10.46484908,26.84838887,131.9589894,7.320402219,9.460804188,4.876779927,2.723283049,103.6955083,2.250596738
2020-05-03,6.90899378,10.49923605,183.8459836,1.428482371,3.036776555,14.25528415,4.546192792,58.2923785,0.8370888687,12.24965013,3.59153606,15.97280809,184.67123,0.5103725329,15.55382804,11.20657519,22.96886542,188.4605023,3.295872145
2020-05-04,11.84153088,5.095968364,37.61317729,1.62412801,3.54289003,12.24174468,20.95337059,29.01269848,4.833433613,10.356072,15.50344026,13.75161946,0.8177562564,7.982275512,7.684290864,16.69008061,13.94573115,118.8244106,5.784668112
2020-05-05,2.316390905,9.471269634,60.73206129,6.862548526,1.952147512,15.5939709,18.46128707,98.10500876,5.423875765,10.06206831,15.02767881,13.2803703,58.13179844,6.510212483,9.357123945,13.49046944,14.46810919,152.2308294,7.829556964
2020-05-06,16.3226789,28.85725763,35.33199359,7.189210714,10.09037858,9.985921375,26.30729509,174.3280249,1.25804364,9.639642447,2.098031781,26.59151423,38.88943118,7.239073398,8.599790581,0.320329642,30.63666048,17.37722321,6.886375735
2020-05-07,13.48985665,11.01436943,133.7451861,3.163920603,8.563315898,14.69148875,14.46675074,165.9381021,4.863391361,16.63728259,10.67425297,27.94195495,95.05763942,5.096798884,7.489780544,18.31365435,4.43653192,177.6327787,2.804877121
2020-05-08,11.90872945,4.653569736,189.299704,0.1798725957,2.292886898,3.712510774,9.423400779,165.344381,0.5340829631,1.545262852,10.36991338,4.720905321,78.68882682,1.769018929,17.91785219,15.12132766,31.12436072,1.98728627,3.827605656
2020-05-09,8.396373435,8.137472971,51.22753419,6.964866881,1.574133521,6.132478671,18.0143103,147.5309064,2.885633281,12.26264663,14.09640703,14.311316,73.38131379,7.757722774,10.12794979,2.937897525,19.02383253,174.1817926,3.304562057
2020-05-10,0.2243975645,18.74428483,169.1641784,7.453330385,7.07392316,7.846478991,9.815972622,77.27015362,6.336155007,4.518909027,12.14594076,31.44625716,135.927933,5.845762955,3.436633489,0.03935011317,18.30953222,31.25693093,6.035374192
2020-05-11,1.160806898,18.6934613,67.50909886,0.9034403725,14.81868126,2.198253539,25.3991392,128.5448075,5.1507171,10.62597295,8.959061044,25.7442818,144.9173088,1.732651544,8.768542561,10.04146971,6.011628043,65.11934986,1.944214658
2020-05-12,18.36566413,18.91528551,136.0617881,6.973045715,14.02873199,13.49585674,7.485019459,38.75055823,6.473187474,9.941641799,9.54694119,18.04467444,152.6411406,6.503119082,9.183128386,15.65964162,17.48431669,55.86878219,7.699759572
2020-05-13,1.828859842,28.19222128,198.4423473,6.261547643,6.560817415,3.380908743,1.987125662,195.9690818,4.865626823,18.89786701,8.490548481,14.12946357,175.3287115,2.355448766,16.89288542,1.715672362,15.08022165,65.56596938,1.000737101
2020-05-14,11.14021348,12.76048976,91.71226912,6.838102575,6.495390008,7.346095777,29.99601378,129.2871228,5.447855416,14.94260663,16.35090658,22.49407268,50.03705232,4.302693394,5.729396218,14.48642288,8.845410101,21.79445478,0.7100817822
2020-05-15,12.45193345,4.196121633,190.1296529,4.697840506,4.920622067,3.967333758,29.49512559,172.148567,2.651781002,10.73469742,10.30729886,3.893246326,40.2270714,3.935431273,9.505678892,13.01401993,9.578169883,147.8809519,5.525024535
2020-05-16,7.864116072,16.79676859,14.72116524,5.388345007,6.771016086,9.141085826,20.10722867,16.12005064,6.503852667,19.88970768,2.247958762,21.68904097,171.2771761,5.060482632,1.497253825,17.36891022,29.59069229,117.6221324,1.416679878
2020-05-17,8.092872618,8.393125034,49.64691128,7.525599642,3.688817138,8.44279762,30.9538112,93.21705658,0.8104039567,11.54730317,1.309921756,5.472630082,151.2751346,3.70358687,19.84894514,13.72603701,15.05596315,2.996651035,0.09101613205
2020-05-18,13.26486327,14.07662631,6.595149825,3.453569466,7.947234343,1.362343193,15.39193835,74.47266489,6.826151438,9.528813895,7.294671329,8.752966591,177.5308783,7.567247612,9.47986275,17.8128148,6.734028891,115.2910165,5.31259237
2020-05-19,6.059925279,28.75443332,152.4122976,6.114962057,10.9580295,1.653203122,5.615645004,129.7865961,6.814858453,15.26770849,16.64580797,15.39900108,14.37366267,4.664792118,9.217686631,13.08103906,28.24907434,155.4155724,6.752168357
2020-05-20,9.717339326,14.42215115,91.96730492,0.1334446333,6.111709049,16.35491145,27.6378738,41.28364622,1.288173875,19.80759661,2.798173488,5.900841788,3.899945615,6.166120339,17.14793015,5.177146856,31.82089681,140.0813619,3.113020195
2020-05-21,9.747593435,26.48541798,19.03598689,7.711521381,16.21028621,11.71558133,1.365554034,55.81850714,5.730216277,5.71155151,8.11159832,6.994439526,146.7454737,7.65046978,6.579191892,8.055966732,16.75046458,93.10548718,3.876547919
2020-05-22,0.1432544807,18.68118995,57.81946496,2.416259654,10.60489301,12.47671416,9.256601704,146.9015928,7.733341198,9.356227378,9.597440821,21.93817321,29.09105298,7.599756638,14.0789696,1.688076177,26.60942237,127.0719628,1.013464608
2020-05-23,14.76074396,17.80196965,71.77244413,3.642314414,10.24168029,0.8475106342,16.43029929,167.5074343,0.7657443437,10.3721514,14.76642192,14.78094186,118.3661189,1.465520759,3.172136331,19.6973866,14.0795299,113.1464432,4.8833268
2020-05-24,0.8930630607,23.28379566,112.7725278,2.789351166,5.715184784,15.48075325,15.53233491,115.9457867,4.119555869,19.64239135,10.27996094,25.18073149,167.3597075,2.753733408,12.69468352,4.481006575,28.02862914,132.3250234,1.63768007
2020-05-25,2.823133174,15.44048958,98.21486069,0.2833149711,5.503443363,12.8049006,2.145521193,12.9397207,7.125978665,12.92523362,19.30690407,14.07314762,37.48798074,0.1515709015,1.423059129,2.140668187,6.514759744,0.4943062086,3.951841351
2020-05-26,16.19690943,14.1349087,196.8631855,3.457471012,14.66097201,6.327404569,19.81419417,126.2793378,7.201642682,3.648239059,19.233472,0.1288655429,165.9511903,1.1231167,8.996136075,3.622064714,28.36935636,7.04938063,1.226905198
2020-05-27,5.061660423,7.269832193,13.12886223,2.422595747,14.4570626,4.618502999,6.508339307,149.8130283,5.935948956,16.64074445,3.718397027,21.39815483,6.096919946,1.803394867,3.792308574,10.52614982,15.6922717,0.8236458754,3.339828422
2020-05-28,0.6497618971,13.29929835,181.0826885,5.937734067,11.90160131,7.45544355,31.73946394,46.80460059,4.411421932,5.645239413,5.47930614,27.90986758,58.09192154,7.710502746,9.868458339,19.81175458,7.234736131,85.55967077,0.2300112008
2020-05-29,0.7889860945,14.94883245,98.20276073,5.278105649,1.180307766,18.88466413,27.99934451,46.56991344,6.846227544,13.99702893,16.10198549,3.392962578,49.5346837,0.2096451151,5.412339864,12.41733651,28.86312351,28.66870736,4.225324694
2020-05-30,14.95513901,7.298175394,30.13960021,1.086431417,9.635668721,10.14110125,1.799156367,157.9578027,4.225733462,18.8202205,15.79803598,16.09383772,61.98483061,4.696681464,4.843436462,4.224828815,11.30748852,40.9993257,4.263082039
2020-05-31,14.49293465,21.29482933,178.2521741,7.301355109,0.9594069425,16.01469842,31.98218751,185.2249303,3.919111467,18.71740817,5.059293471,23.20225823,130.0998094,3.350510856,2.909168661,14.20185766,10.63017205,187.9400542,5.547280525
2020-06-01,19.99868925,20.92491932,136.6201144,2.854241155,11.61622416,3.307665776,18.05240856,95.10881815,2.972186118,11.12046391,18.50914525,28.27375169,171.0541715,5.05468399,17.55399392,9.117252349,12.01195462,118.9116158,6.424301139
2020-06-02,4.43208064,21.42816861,59.69055417,3.276017181,6.635886616,14.5369289,2.662884716,24.64781355,4.878720073,11.7818937,19.71034024,17.16796854,126.4619946,2.356502848,12.3410706,1.821580531,9.231445223,151.6767949,6.10855439
2020-06-03,3.40196057,17.58120937,4.526106263,6.457508476,5.90804267,14.81474426,31.09424471,80.69529091,1.468481868,19.16333538,6.111373638,14.56032541,0.06476935038,3.124697231,5.821314481,6.296797894,8.690870571,44.58369008,4.558693128
2020-06-04,6.521426511,17.86616042,95.87185476,0.7363543141,5.158060103,3.670384732,20.39580957,13.17455132,7.470426505,0.2270100675,1.874335338,21.29837689,72.82267085,4.171988869,11.92305873,2.490996204,31.78284545,39.29519291,4.541895612
2020-06-05,15.09995195,8.015866189,109.018284,6.764628324,7.639065386,9.094494799,29.51316681,146.3459344,5.25667225,5.259863615,13.47373933,13.15802352,145.2776836,2.226431074,0.6527115206,14.60905473,24.51176432,26.78601653,5.025066619
2020-06-06,0.995865474,31.08872683,71.61008077,3.39227187,7.66760705,13.7814354,18.84021874,80.59954851,2.589121276,10.1913969,5.147731447,10.66002639,61.93626329,2.507228518,13.74458676,10.21721601,20.61966168,89.68427406,5.320114541
2020-06-07,9.213044384,9.298008165,90.39988055,7.473448949,3.801012652,17.68776972,31.57223737,146.3584295,5.986461153,11.83271828,18.97104718,14.24140996,103.4446267,3.227355162,0.6033518549,13.97377242,27.99665834,43.59202389,2.957225653
2020-06-08,14.02547697,19.7182293,117.5406193,2.43850825,9.519376469,15.76380005,10.38148021,132.6751755,5.446691504,8.088673015,4.993823627,14.98124792,16.75399872,6.711266386,5.082017248,8.262780098,12.76517883,113.7233429,3.88621203
2020-06-09,19.50168325,3.655118604,66.64051203,7.418339325,11.3149876,2.879428913,22.74100667,167.9507921,5.604480317,12.50544659,11.40150333,17.72226029,152.5067921,7.555080654,17.11212712,17.39325053,18.36286302,25.27242367,5.440997169
2020-06-10,17.82640563,20.8789234,10.14283918,6.102795758,9.313299012,14.55541624,18.11601509,166.4057575,4.17704667,16.32388638,9.376944034,23.42326829,103.3242507,7.337965671,9.645045443,12.46340809,27.88681492,35.97487365,6.633067778
2020-06-11,16.89527377,24.73639794,42.13041488,5.789444077,14.41625515,18.78986559,1.527027218,25.3344169,6.677150882,0.07740679238,4.164869867,12.96867018,14.04606028,7.760348812,2.643348496,2.358230515,0.8031569687,159.0740528,2.330652663
2020-06-12,0.1024205793,7.558443363,105.7001934,1.68458302,8.174336677,0.5671262921,18.83975561,131.2414252,6.117393674,13.88537669,14.23268937,9.194699203,103.8120308,1.166514718,16.10316488,2.733932708,25.65698671,27.63505487,3.695723441
2020-06-13,7.807149131,14.70371479,132.3178149,1.24198943,1.385206143,11.93734003,3.836110032,41.86942738,3.046109106,12.09086172,9.411979768,15.38909376,140.9075653,6.098941634,11.77107508,6.248200493,12.95199008,179.6464447,5.860701717
2020-06-14,14.54098473,29.41593858,51.11601733,1.159918163,0.4505822199,17.33008641,21.65774101,98.69871376,7.127534435,4.64698368,8.90187373,2.489054162,188.593915,0.4087051733,12.87774574,9.311423606,1.498526684,75.87299493,5.527626315
2020-06-15,9.954761164,6.587730947,155.2366573,6.265627776,8.15344304,15.86880553,30.36109914,69.74225924,1.09504309,16.79392639,14.03237767,7.808023918,159.4180821,5.776640598,16.68878882,7.150500851,20.11154943,9.978689964,1.404629896
2020-06-16,9.687119616,23.50012175,150.5879302,4.062153794,16.44912569,6.690719281,12.32870855,149.2794391,1.660070351,5.4508648,8.745818782,11.64398413,50.22562041,0.2960179307,0.2581309298,14.37699798,28.04419907,122.4040923,4.585742353
2020-06-17,12.90541448,11.35668513,11.87377732,4.593014666,7.676905417,16.82879496,27.29105904,146.5081907,5.577958018,11.49383097,12.69594793,11.01719413,160.0846186,2.936445605,4.9083256,10.93186839,17.87909988,148.3373363,4.698728405
2020-06-18,13.3792567,8.286929178,18.3041401,1.050070321,16.97003623,2.850988705,17.05437072,128.5229434,7.193835805,16.09067714,14.11745813,0.4865018353,3.926111358,4.072824239,12.64461197,18.68653274,9.557957101,89.84317256,7.093524752
2020-06-19,9.207464484,4.411036994,197.4243811,6.048427898,10.46156362,12.89746174,30.47761728,153.6018809,5.979180655,15.50497978,2.913589335,30.56793224,198.7675864,3.981948094,5.960523722,9.750384007,15.65594633,108.6110382,6.969562853
2020-06-20,17.04194703,14.35188447,71.56897002,1.977631488,11.84394244,12.86226745,23.39971835,10.67904252,5.785986714,9.198148059,3.737313796,19.07172622,67.70655336,4.885668436,12.81301938,12.68249245,18.83328651,160.7645486,0.1056368815
2020-06-21,0.3269672476,5.520063837,73.68724389,3.641563808,0.4584610308,14.31823819,1.124032035,119.0434582,4.877644925,18.48891121,16.37591925,24.05792815,26.65290008,1.620332471,4.495439211,7.295963287,17.66012364,100.8017314,6.435633411
2020-06-22,19.91650332,17.38786635,108.4750279,3.3907027,2.479052203,9.165163095,4.169532769,95.27573582,4.955225683,10.71008115,6.804012072,21.47496507,43.40325818,2.785437103,7.648232252,19.14888484,16.98253887,3.528797676,4.659389981
2020-06-23,12.20981689,4.837686106,67.47710164,4.844001969,9.858318211,3.028616001,18.60663443,24.94037342,0.2799715662,17.75920056,8.749577125,14.6403991,105.8431206,2.643277469,4.009288876,6.131831633,29.54061017,55.66378881,0.7302325598
2020-06-24,12.63567583,13.19612978,146.1739685,2.578482405,17.06734402,15.69486068,11.64839059,64.59692922,0.3249888259,12.95217422,10.78136914,11.48945698,95.03311941,3.057046092,10.35795154,12.6409846,31.84182422,182.2658168,4.735393706
2020-06-25,16.58648068,26.35565113,28.67634627,5.166521848,0.1935454768,3.317556181,8.228829737,54.26259482,5.251386806,14.3219481,16.67756443,29.52674209,141.3691432,2.889348893,4.143003996,15.25364579,12.03181016,157.5640265,2.42119351
2020-06-26,15.71310209,20.24824445,81.08891286,5.358946232,10.51282201,5.148886973,31.41826503,73.97667798,1.251346482,10.25268648,13.11153687,28.04606998,14.83613656,4.74292901,10.74187521,3.440464675,3.72005568,36.75041471,7.509217636
2020-06-27,15.52506793,13.25386283,131.481805,3.07980458,10.61690187,10.11073691,21.07614914,189.3849621,4.66843305,14.71748429,1.900162043,3.646441579,32.58663531,1.367644011,16.68546457,7.500330585,13.32447514,41.77502556,5.866976732
2020-06-28,18.26075751,25.47047196,166.5677497,7.811074183,6.690443822,4.386234141,31.2803882,16.42760946,1.231201272,10.16252535,15.90699807,11.43799772,166.2351272,3.289861214,14.08075251,0.3619740758,16.69940164,171.4657157,7.777267302
2020-06-29,13.55068121,10.87146371,189.9701911,2.059364776,8.228176584,17.11856727,19.71809088,190.0521459,1.175504349,15.23461833,15.08090048,12.65158189,139.335402,0.8647579988,3.592665657,1.292087111,11.49439518,60.2541759,5.405164321
2020-06-30,10.74382664,20.57115673,16.38007003,7.689862537,14.12342614,6.675506155,1.407822907,92.39827837,7.802412651,16.51573975,17.21162275,11.03418455,67.23551055,2.856361982,5.487944629,8.013509604,3.92885611,111.491595,0.6788708028
2020-07-01,0.1543177114,29.72940883,100.1284494,6.533140705,11.75773413,12.89741123,8.820014397,98.11252674,5.456331286,16.33592447,18.9198157,29.88896841,2.350901849,4.575927974,12.95925576,7.32466635,21.45433563,31.50961494,3.951735739
2020-07-02,11.44551259,28.54726086,148.3695186,7.155898831,16.81734044,13.65472222,16.02325119,177.7168511,7.854053321,19.36027433,3.368350486,2.631166612,32.39084238,6.477851682,3.433871265,16.67222246,0.1242888985,134.9251399,1.4830941
2020-07-03,7.9200688,11.96704789,140.1674305,3.587361655,16.6205467,11.13502437,12.81732594,92.34455024,5.114423418,1.149479362,5.233331279,24.09189499,44.04492557,0.841765028,5.345652326,4.740688146,15.00908213,7.794075227,3.505302557
2020-07-04,6.595142882,1.499469599,30.12039771,0.9774355457,7.487523076,2.363672331,7.414202659,180.7223318,1.082411973,12.80513295,0.5015852011,21.95543052,15.63041752,4.881746011,0.349354264,14.29906342,29.07826807,5.658364012,4.208338149
2020-07-05,0.9495051308,11.99284177,143.8301295,6.638377667,5.095992163,12.97764624,18.19593231,35.09590955,7.550997207,14.07492135,3.583646287,27.14723605,5.112920812,7.754632579,8.504258774,2.791766239,16.72930712,43.35670594,7.182589544
2020-07-06,19.29978293,3.58753999,10.69061845,6.15223195,1.875160093,10.45574845,20.24649127,35.27999541,3.451925994,7.58641514,3.666913859,26.61856451,113.6167321,0.5325398592,14.9131693,3.836964686,27.1725457,144.2002067,0.5156605594
2020-07-07,3.839008119,17.8740885,101.4636861,7.475448099,4.874248689,8.206735982,29.64862571,83.77991935,7.367859126,8.782989406,0.3949389896,8.65302814,104.0484826,4.418781773,19.63177272,11.40031536,15.04858184,91.9539474,7.017681069
2020-07-08,1.438186672,12.40009921,86.68494067,6.956771854,19.81767988,8.522069478,11.69732263,121.2697766,0.02025717364,9.108004727,17.82751208,6.076611929,7.880364541,4.100491288,18.44534716,9.212603983,1.95651481,184.9057831,6.358292314
2020-07-09,3.188886235,11.28359845,94.16846864,3.067296575,18.08408681,1.223802667,30.96803293,189.4074533,6.513909254,12.45856128,13.88111139,5.878326022,9.496636649,3.576117632,3.008159537,19.06537144,15.26044001,145.7812143,5.970717525
2020-07-10,7.889620917,7.227069043,108.9511059,1.144600211,14.20914394,16.13596144,14.18352563,29.04546019,5.808529818,3.257572197,11.91141185,7.384422822,86.15104501,7.994565353,3.811736532,0.7232174513,3.587505169,81.91072244,1.350323745
2020-07-11,7.449508137,11.46399074,190.0625712,4.623910727,12.76130908,3.225459399,0.02416502863,160.5348407,6.520180234,11.78598214,9.049686258,21.45207239,117.7769972,0.09025959196,10.41114815,19.40842127,16.48020372,131.3204744,5.919637598
2020-07-12,4.679649573,18.23962158,74.1094386,0.1412901791,14.38190804,17.45750082,25.18903987,189.4844047,3.36165125,16.76700388,15.64992512,14.7966687,115.8239735,4.26366078,19.88530578,6.006983871,19.60468121,109.0833183,3.182308907
2020-07-13,13.73383669,18.94381149,50.67673849,3.30987883,2.051497668,8.198439,31.08977406,157.9106252,7.987448751,11.07789139,1.995898936,17.4223049,167.5509577,7.735699921,1.10008723,11.93629077,29.17060178,164.56241,3.734031792
2020-07-14,6.06863657,30.43327933,33.48171876,6.753745365,0.6252301197,13.67039201,9.18025448,136.1514745,0.4449324389,2.547960201,6.995738972,24.08076234,106.5027193,4.807622594,6.831417749,3.775180825,0.9088085538,26.59672296,4.480901922
2020-07-15,14.87977151,3.425365343,41.16801481,7.786833802,11.72220009,15.42422864,17.15087511,110.7153682,6.635264525,2.718110082,18.05447876,9.522452459,197.5641929,4.561636943,17.4642193,0.3594681894,16.0422368,137.2887346,5.111014164
2020-07-16,2.962326014,15.90572034,195.6504951,0.6339884639,14.83049592,19.73899162,19.61942481,119.7336228,4.53224137,15.49496635,17.40779273,7.804538077,139.5518796,3.58395958,19.65113365,2.071189909,9.226550933,192.8581678,5.478914543
2020-07-17,0.2990706494,8.643172194,101.2309751,4.865635572,3.182660429,11.48088245,15.20415811,151.9908343,1.699541891,1.776252934,14.46618372,23.3390145,68.11195586,7.86181955,7.584934462,18.5340508,15.06097821,40.59807426,7.322044098
2020-07-18,2.400640369,30.65326702,187.1131776,3.395080158,15.35462655,19.49130707,17.92633451,85.58192343,1.302967519,13.85486268,3.344824623,29.37434759,40.45737536,4.855346286,0.3292812931,15.0975065,21.53141932,29.4575311,3.301657149
2020-07-19,19.70938751,9.845595408,14.488188,2.794071062,2.505805958,10.12883319,31.92889109,185.4068067,7.660468396,10.74481453,16.31131678,31.87583236,188.1707888,1.927759411,13.86385296,13.71958549,28.45561549,149.0103464,6.384650259